{
"AWSTemplateFormatVersion": "2010-09-09",
"Parameters" : {
  "InstanceTypeParameter" : {
    "Type" : "String",
    "Default" : "t2.micro",
    "AllowedValues" : ["t2.micro", "m1.small", "m1.large"],
    "Description" : "Enter t2.micro, m1.small, or m1.large. Default is t2.micro."
  },
  "AMIIdParameter" : {
    "Type" : "String",
    "Description" : "Enter AMI ID"
  },
  "IAMRoleparameter" : {
    "Type" : "String",
    "Description" : "Enter Existing IAM Role"
  }
},
"Resources" : {
    "myEC2Instance" : {
      "Type" : "AWS::EC2::Instance",
      "Properties" : {
        "IamInstanceProfile" : {"Ref" : "IAMRoleparameter"},
        "ImageId" : { "Ref" : "AMIIdParameter"},
        "InstanceType" : { "Ref" : "InstanceTypeParameter" }
      }
    }
  }
}  